id,idx,proba
53f45463dabfaee1c0b25a3d,0,0.888959
53f45463dabfaee1c0b25a3d,1,0.504248
53f434f2dabfaec09f170261,0,0.891470
53f434f2dabfaec09f170261,1,0.590040
53f4eb4bdabfaee0d9c78b1a,0,0.905885
53f4eb4bdabfaee0d9c78b1a,1,0.382380
56300a2f45cedb33998dc583,0,0.866300
